{"cameraMode":{"drawMode":0,"name":"Shaded","section":"Shading Mode"},"sceneLighting":true,"audioPlay":false,"sceneViewState":{"m_AlwaysRefresh":false,"showFog":true,"showSkybox":true,"showFlares":true,"showImageEffects":true,"showParticleSystems":true,"showVisualEffectGraphs":true,"m_FxEnabled":true},"in2DMode":false,"pivot":{"x":0.08289498835802078,"y":0.00885216984897852,"z":-0.01627567782998085},"rotation":{"x":-0.016169922426342965,"y":-0.9788709282875061,"z":0.1851179301738739,"w":-0.08537311851978302},"size":0.15747269988059998,"orthographic":true}